Data As Of,Jurisdiction of Occurrence,MMWR Year,MMWR Week,Week Ending Date,All Cause,Natural Cause,Septicemia (A40-A41),Malignant neoplasms (C00-C97),Diabetes mellitus (E10-E14),Alzheimer disease (G30),Influenza and pneumonia (J09-J18),Chronic lower respiratory diseases (J40-J47),"Other diseases of respiratory system (J00-J06,J30-J39,J67,J70-J98)","Nephritis, nephrotic syndrome and nephrosis (N00-N07,N17-N19,N25-N27)","Symptoms, signs and abnormal clinical and laboratory findings, not elsewhere classified (R00-R99)","Diseases of heart (I00-I09,I11,I13,I20-I51)",Cerebrovascular diseases (I60-I69),"COVID-19 (U071, Multiple Cause of Death)","COVID-19 (U071, Underlying Cause of Death)",flag_allcause,flag_natcause,flag_sept,flag_neopl,flag_diab,flag_alz,flag_inflpn,flag_clrd,flag_otherresp,flag_nephr,flag_otherunk,flag_hd,flag_stroke,flag_cov19mcod,flag_cov19ucod
09/28/2022,Wyoming,2020,1,2020-01-04,144,130,,31,,,,10,,,,30,,0,0,,,Suppressed (counts 1-9),,Suppressed (counts 1-9),Suppressed (counts 1-9),Suppressed (counts 1-9),,Suppressed (counts 1-9),Suppressed (counts 1-9),Suppressed (counts 1-9),,Suppressed (counts 1-9),,
09/28/2022,Wyoming,2020,2,2020-01-11,81,69,,13,0,,,,,0,0,18,,0,0,,,Suppressed (counts 1-9),,,Suppressed (counts 1-9),Suppressed (counts 1-9),Suppressed (counts 1-9),Suppressed (counts 1-9),,,,Suppressed (counts 1-9),,
09/28/2022,Wyoming,2020,3,2020-01-18,103,94,,19,,,,14,0,,0,20,,0,0,,,Suppressed (counts 1-9),,Suppressed (counts 1-9),Suppressed (counts 1-9),Suppressed (counts 1-9),,,Suppressed (counts 1-9),,,Suppressed (counts 1-9),,
09/28/2022,Wyoming,2020,4,2020-01-25,96,90,0,20,,,,,,0,,27,,0,0,,,,,Suppressed (counts 1-9),Suppressed (counts 1-9),Suppressed (counts 1-9),Suppressed (counts 1-9),Suppressed (counts 1-9),,Suppressed (counts 1-9),,Suppressed (counts 1-9),,
09/28/2022,Wyoming,2020,5,2020-02-01,94,85,,14,,,,,,,,15,,0,0,,,Suppressed (counts 1-9),,Suppressed (counts 1-9),Suppressed (counts 1-9),Suppressed (counts 1-9),Suppressed (counts 1-9),Suppressed (counts 1-9),Suppressed (counts 1-9),Suppressed (counts 1-9),,Suppressed (counts 1-9),,
09/28/2022,Wyoming,2020,6,2020-02-08,97,90,0,20,,,,,,0,,22,,0,0,,,,,Suppressed (counts 1-9),Suppressed (counts 1-9),Suppressed (counts 1-9),Suppressed (counts 1-9),Suppressed (counts 1-9),,Suppressed (counts 1-9),,Suppressed (counts 1-9),,
09/28/2022,Wyoming,2020,7,2020-02-15,75,69,,19,,0,0,,,0,,17,,0,0,,,Suppressed (counts 1-9),,Suppressed (counts 1-9),,,Suppressed (counts 1-9),Suppressed (counts 1-9),,Suppressed (counts 1-9),,Suppressed (counts 1-9),,
09/28/2022,Wyoming,2020,8,2020-02-22,101,89,0,18,,,,,,0,0,23,,0,0,,,,,Suppressed (counts 1-9),Suppressed (counts 1-9),Suppressed (counts 1-9),Suppressed (counts 1-9),Suppressed (counts 1-9),,,,Suppressed (counts 1-9),,
09/28/2022,Wyoming,2020,9,2020-02-29,100,92,,22,,,,13,,,0,20,,0,0,,,Suppressed (counts 1-9),,Suppressed (counts 1-9),Suppressed (counts 1-9),Suppressed (counts 1-9),,Suppressed (counts 1-9),Suppressed (counts 1-9),,,Suppressed (counts 1-9),,
09/28/2022,Wyoming,2020,10,2020-03-07,80,69,0,19,,,,,,,0,10,,0,0,,,,,Suppressed (counts 1-9),Suppressed (counts 1-9),Suppressed (counts 1-9),Suppressed (counts 1-9),Suppressed (counts 1-9),Suppressed (counts 1-9),,,Suppressed (counts 1-9),,
09/28/2022,Wyoming,2020,11,2020-03-14,85,78,,15,,,,,,0,,22,,0,0,,,Suppressed (counts 1-9),,Suppressed (counts 1-9),Suppressed (counts 1-9),Suppressed (counts 1-9),Suppressed (counts 1-9),Suppressed (counts 1-9),,Suppressed (counts 1-9),,Suppressed (counts 1-9),,
09/28/2022,Wyoming,2020,12,2020-03-21,117,102,0,26,,10,,,,0,,24,,0,0,,,,,Suppressed (counts 1-9),,Suppressed (counts 1-9),Suppressed (counts 1-9),Suppressed (counts 1-9),,Suppressed (counts 1-9),,Suppressed (counts 1-9),,
09/28/2022,Wyoming,2020,13,2020-03-28,88,74,0,,,,,,,0,0,18,,0,0,,,,Suppressed (counts 1-9),Suppressed (counts 1-9),Suppressed (counts 1-9),Suppressed (counts 1-9),Suppressed (counts 1-9),Suppressed (counts 1-9),,,,Suppressed (counts 1-9),,
09/28/2022,Wyoming,2020,14,2020-04-04,123,106,0,21,,,,10,,0,,26,,0,0,,,,,Suppressed (counts 1-9),Suppressed (counts 1-9),Suppressed (counts 1-9),,Suppressed (counts 1-9),,Suppressed (counts 1-9),,Suppressed (counts 1-9),,
09/28/2022,Wyoming,2020,15,2020-04-11,102,88,,18,,,,13,,,0,15,,,0,,,Suppressed (counts 1-9),,Suppressed (counts 1-9),Suppressed (counts 1-9),Suppressed (counts 1-9),,Suppressed (counts 1-9),Suppressed (counts 1-9),,,Suppressed (counts 1-9),Suppressed (counts 1-9),
09/28/2022,Wyoming,2020,16,2020-04-18,89,82,,14,,,,,,,,26,,,,,,Suppressed (counts 1-9),,Suppressed (counts 1-9),Suppressed (counts 1-9),Suppressed (counts 1-9),Suppressed (counts 1-9),Suppressed (counts 1-9),Suppressed (counts 1-9),Suppressed (counts 1-9),,Suppressed (counts 1-9),Suppressed (counts 1-9),Suppressed (counts 1-9)
09/28/2022,Wyoming,2020,17,2020-04-25,98,89,,20,0,,,,,,,17,,,,,,Suppressed (counts 1-9),,,Suppressed (counts 1-9),Suppressed (counts 1-9),Suppressed (counts 1-9),Suppressed (counts 1-9),Suppressed (counts 1-9),Suppressed (counts 1-9),,Suppressed (counts 1-9),Suppressed (counts 1-9),Suppressed (counts 1-9)
09/28/2022,Wyoming,2020,18,2020-05-02,68,63,,16,,,,,0,,,17,,0,0,,,Suppressed (counts 1-9),,Suppressed (counts 1-9),Suppressed (counts 1-9),Suppressed (counts 1-9),Suppressed (counts 1-9),,Suppressed (counts 1-9),Suppressed (counts 1-9),,Suppressed (counts 1-9),,
09/28/2022,Wyoming,2020,19,2020-05-09,83,76,0,15,,,0,10,,,0,14,,0,0,,,,,Suppressed (counts 1-9),Suppressed (counts 1-9),,,Suppressed (counts 1-9),Suppressed (counts 1-9),,,Suppressed (counts 1-9),,
09/28/2022,Wyoming,2020,20,2020-05-16,101,92,0,23,,,,,0,,,24,,,,,,,,Suppressed (counts 1-9),Suppressed (counts 1-9),Suppressed (counts 1-9),Suppressed (counts 1-9),,Suppressed (counts 1-9),Suppressed (counts 1-9),,Suppressed (counts 1-9),Suppressed (counts 1-9),Suppressed (counts 1-9)
09/28/2022,Wyoming,2020,21,2020-05-23,96,83,0,15,,,,,,,,27,,,,,,,,Suppressed (counts 1-9),Suppressed (counts 1-9),Suppressed (counts 1-9),Suppressed (counts 1-9),Suppressed (counts 1-9),Suppressed (counts 1-9),Suppressed (counts 1-9),,Suppressed (counts 1-9),Suppressed (counts 1-9),Suppressed (counts 1-9)
09/28/2022,Wyoming,2020,22,2020-05-30,84,75,0,15,,,,,,0,,22,,,,,,,,Suppressed (counts 1-9),Suppressed (counts 1-9),Suppressed (counts 1-9),Suppressed (counts 1-9),Suppressed (counts 1-9),,Suppressed (counts 1-9),,Suppressed (counts 1-9),Suppressed (counts 1-9),Suppressed (counts 1-9)
09/28/2022,Wyoming,2020,23,2020-06-06,105,85,0,15,,,0,,,0,,25,,,,,,,,Suppressed (counts 1-9),Suppressed (counts 1-9),,Suppressed (counts 1-9),Suppressed (counts 1-9),,Suppressed (counts 1-9),,Suppressed (counts 1-9),Suppressed (counts 1-9),Suppressed (counts 1-9)
09/28/2022,Wyoming,2020,24,2020-06-13,96,86,,18,0,,,,0,,,20,,,,,,Suppressed (counts 1-9),,,Suppressed (counts 1-9),Suppressed (counts 1-9),Suppressed (counts 1-9),,Suppressed (counts 1-9),Suppressed (counts 1-9),,Suppressed (counts 1-9),Suppressed (counts 1-9),Suppressed (counts 1-9)
09/28/2022,Wyoming,2020,25,2020-06-20,93,82,,17,,,,,,0,0,22,,,,,,Suppressed (counts 1-9),,Suppressed (counts 1-9),Suppressed (counts 1-9),Suppressed (counts 1-9),Suppressed (counts 1-9),Suppressed (counts 1-9),,,,Suppressed (counts 1-9),Suppressed (counts 1-9),Suppressed (counts 1-9)
09/28/2022,Wyoming,2020,26,2020-06-27,89,76,0,26,,,0,,,0,0,14,,0,0,,,,,Suppressed (counts 1-9),Suppressed (counts 1-9),,Suppressed (counts 1-9),Suppressed (counts 1-9),,,,Suppressed (counts 1-9),,
09/28/2022,Wyoming,2020,27,2020-07-04,102,87,0,20,,,,,0,,,22,,0,0,,,,,Suppressed (counts 1-9),Suppressed (counts 1-9),Suppressed (counts 1-9),Suppressed (counts 1-9),,Suppressed (counts 1-9),Suppressed (counts 1-9),,Suppressed (counts 1-9),,
09/28/2022,Wyoming,2020,28,2020-07-11,104,87,,18,,,,,0,,,19,,,,,,Suppressed (counts 1-9),,Suppressed (counts 1-9),Suppressed (counts 1-9),Suppressed (counts 1-9),Suppressed (counts 1-9),,Suppressed (counts 1-9),Suppressed (counts 1-9),,Suppressed (counts 1-9),Suppressed (counts 1-9),Suppressed (counts 1-9)
09/28/2022,Wyoming,2020,29,2020-07-18,101,88,0,17,,,,,,,,23,,,,,,,,Suppressed (counts 1-9),Suppressed (counts 1-9),Suppressed (counts 1-9),Suppressed (counts 1-9),Suppressed (counts 1-9),Suppressed (counts 1-9),Suppressed (counts 1-9),,Suppressed (counts 1-9),Suppressed (counts 1-9),Suppressed (counts 1-9)
09/28/2022,Wyoming,2020,30,2020-07-25,95,80,,15,,,,,0,,,16,,,,,,Suppressed (counts 1-9),,Suppressed (counts 1-9),Suppressed (counts 1-9),Suppressed (counts 1-9),Suppressed (counts 1-9),,Suppressed (counts 1-9),Suppressed (counts 1-9),,Suppressed (counts 1-9),Suppressed (counts 1-9),Suppressed (counts 1-9)
09/28/2022,Wyoming,2020,31,2020-08-01,90,72,0,15,,,,,0,,0,19,,,0,,,,,Suppressed (counts 1-9),Suppressed (counts 1-9),Suppressed (counts 1-9),Suppressed (counts 1-9),,Suppressed (counts 1-9),,,Suppressed (counts 1-9),Suppressed (counts 1-9),
09/28/2022,Wyoming,2020,32,2020-08-08,106,90,0,18,,,,,0,,,23,,,,,,,,Suppressed (counts 1-9),Suppressed (counts 1-9),Suppressed (counts 1-9),Suppressed (counts 1-9),,Suppressed (counts 1-9),Suppressed (counts 1-9),,Suppressed (counts 1-9),Suppressed (counts 1-9),Suppressed (counts 1-9)
09/28/2022,Wyoming,2020,33,2020-08-15,113,96,0,25,,,,14,0,0,,18,,,,,,,,Suppressed (counts 1-9),Suppressed (counts 1-9),Suppressed (counts 1-9),,,,Suppressed (counts 1-9),,Suppressed (counts 1-9),Suppressed (counts 1-9),Suppressed (counts 1-9)
09/28/2022,Wyoming,2020,34,2020-08-22,100,89,0,21,,,,,,,,13,,,,,,,,Suppressed (counts 1-9),Suppressed (counts 1-9),Suppressed (counts 1-9),Suppressed (counts 1-9),Suppressed (counts 1-9),Suppressed (counts 1-9),Suppressed (counts 1-9),,Suppressed (counts 1-9),Suppressed (counts 1-9),Suppressed (counts 1-9)
09/28/2022,Wyoming,2020,35,2020-08-29,89,71,0,18,,,0,,,0,0,20,,0,0,,,,,Suppressed (counts 1-9),Suppressed (counts 1-9),,Suppressed (counts 1-9),Suppressed (counts 1-9),,,,Suppressed (counts 1-9),,
09/28/2022,Wyoming,2020,36,2020-09-05,107,96,,18,,,,,,,,31,,,,,,Suppressed (counts 1-9),,Suppressed (counts 1-9),Suppressed (counts 1-9),Suppressed (counts 1-9),Suppressed (counts 1-9),Suppressed (counts 1-9),Suppressed (counts 1-9),Suppressed (counts 1-9),,Suppressed (counts 1-9),Suppressed (counts 1-9),Suppressed (counts 1-9)
09/28/2022,Wyoming,2020,37,2020-09-12,121,104,,19,,,,,,,,30,,,,,,Suppressed (counts 1-9),,Suppressed (counts 1-9),Suppressed (counts 1-9),Suppressed (counts 1-9),Suppressed (counts 1-9),Suppressed (counts 1-9),Suppressed (counts 1-9),Suppressed (counts 1-9),,Suppressed (counts 1-9),Suppressed (counts 1-9),Suppressed (counts 1-9)
09/28/2022,Wyoming,2020,38,2020-09-19,94,81,,14,,,,,0,,,19,,,,,,Suppressed (counts 1-9),,Suppressed (counts 1-9),Suppressed (counts 1-9),Suppressed (counts 1-9),Suppressed (counts 1-9),,Suppressed (counts 1-9),Suppressed (counts 1-9),,Suppressed (counts 1-9),Suppressed (counts 1-9),Suppressed (counts 1-9)
09/28/2022,Wyoming,2020,39,2020-09-26,112,101,0,27,,,,,,,,27,,,,,,,,Suppressed (counts 1-9),Suppressed (counts 1-9),Suppressed (counts 1-9),Suppressed (counts 1-9),Suppressed (counts 1-9),Suppressed (counts 1-9),Suppressed (counts 1-9),,Suppressed (counts 1-9),Suppressed (counts 1-9),Suppressed (counts 1-9)
09/28/2022,Wyoming,2020,40,2020-10-03,119,106,,19,,,0,,,,,27,,,,,,Suppressed (counts 1-9),,Suppressed (counts 1-9),Suppressed (counts 1-9),,Suppressed (counts 1-9),Suppressed (counts 1-9),Suppressed (counts 1-9),Suppressed (counts 1-9),,Suppressed (counts 1-9),Suppressed (counts 1-9),Suppressed (counts 1-9)
09/28/2022,Wyoming,2020,41,2020-10-10,102,94,,21,,,,,,0,,20,,,,,,Suppressed (counts 1-9),,Suppressed (counts 1-9),Suppressed (counts 1-9),Suppressed (counts 1-9),Suppressed (counts 1-9),Suppressed (counts 1-9),,Suppressed (counts 1-9),,Suppressed (counts 1-9),Suppressed (counts 1-9),Suppressed (counts 1-9)
09/28/2022,Wyoming,2020,42,2020-10-17,107,95,0,13,,,0,15,,,,21,,13,10,,,,,Suppressed (counts 1-9),Suppressed (counts 1-9),,,Suppressed (counts 1-9),Suppressed (counts 1-9),Suppressed (counts 1-9),,Suppressed (counts 1-9),,
09/28/2022,Wyoming,2020,43,2020-10-24,131,117,,17,,,0,,,,,26,,22,17,,,Suppressed (counts 1-9),,Suppressed (counts 1-9),Suppressed (counts 1-9),,Suppressed (counts 1-9),Suppressed (counts 1-9),Suppressed (counts 1-9),Suppressed (counts 1-9),,Suppressed (counts 1-9),,
09/28/2022,Wyoming,2020,44,2020-10-31,114,101,0,14,,,,,,,0,17,,29,25,,,,,Suppressed (counts 1-9),Suppressed (counts 1-9),Suppressed (counts 1-9),Suppressed (counts 1-9),Suppressed (counts 1-9),Suppressed (counts 1-9),,,Suppressed (counts 1-9),,
09/28/2022,Wyoming,2020,45,2020-11-07,136,131,0,24,,,0,10,0,0,,18,,40,39,,,,,Suppressed (counts 1-9),Suppressed (counts 1-9),,,,,Suppressed (counts 1-9),,Suppressed (counts 1-9),,
09/28/2022,Wyoming,2020,46,2020-11-14,132,121,,15,,,,,,,0,28,,35,32,,,Suppressed (counts 1-9),,Suppressed (counts 1-9),Suppressed (counts 1-9),Suppressed (counts 1-9),Suppressed (counts 1-9),Suppressed (counts 1-9),Suppressed (counts 1-9),,,Suppressed (counts 1-9),,
09/28/2022,Wyoming,2020,47,2020-11-21,135,123,,17,,,0,,,0,,20,,36,34,,,Suppressed (counts 1-9),,Suppressed (counts 1-9),Suppressed (counts 1-9),,Suppressed (counts 1-9),Suppressed (counts 1-9),,Suppressed (counts 1-9),,Suppressed (counts 1-9),,
09/28/2022,Wyoming,2020,48,2020-11-28,138,124,,17,,,,,,,,17,,39,36,,,Suppressed (counts 1-9),,Suppressed (counts 1-9),Suppressed (counts 1-9),Suppressed (counts 1-9),Suppressed (counts 1-9),Suppressed (counts 1-9),Suppressed (counts 1-9),Suppressed (counts 1-9),,Suppressed (counts 1-9),,
09/28/2022,Wyoming,2020,49,2020-12-05,123,111,0,11,,,,,0,0,0,19,,46,38,,,,,Suppressed (counts 1-9),Suppressed (counts 1-9),Suppressed (counts 1-9),Suppressed (counts 1-9),,,,,Suppressed (counts 1-9),,
09/28/2022,Wyoming,2020,50,2020-12-12,143,134,,17,0,,,13,,0,,31,,44,40,,,Suppressed (counts 1-9),,,Suppressed (counts 1-9),Suppressed (counts 1-9),,Suppressed (counts 1-9),,Suppressed (counts 1-9),,Suppressed (counts 1-9),,
09/28/2022,Wyoming,2020,51,2020-12-19,165,152,0,25,,11,0,14,,,,25,,44,39,,,,,Suppressed (counts 1-9),,,,Suppressed (counts 1-9),Suppressed (counts 1-9),Suppressed (counts 1-9),,Suppressed (counts 1-9),,
09/28/2022,Wyoming,2020,52,2020-12-26,130,125,0,18,,,,,,0,0,29,,38,33,,,,,Suppressed (counts 1-9),Suppressed (counts 1-9),Suppressed (counts 1-9),Suppressed (counts 1-9),Suppressed (counts 1-9),,,,Suppressed (counts 1-9),,
09/28/2022,Wyoming,2020,53,2021-01-02,129,118,0,17,,,,,,,0,24,,30,20,,,,,Suppressed (counts 1-9),Suppressed (counts 1-9),Suppressed (counts 1-9),Suppressed (counts 1-9),Suppressed (counts 1-9),Suppressed (counts 1-9),,,Suppressed (counts 1-9),,
09/28/2022,Wyoming,2021,1,2021-01-09,127,117,0,25,,,0,,,0,,21,,32,29,,,,,Suppressed (counts 1-9),Suppressed (counts 1-9),,Suppressed (counts 1-9),Suppressed (counts 1-9),,Suppressed (counts 1-9),,Suppressed (counts 1-9),,
09/28/2022,Wyoming,2021,2,2021-01-16,110,101,0,18,0,,,10,,0,0,23,,22,20,,,,,,Suppressed (counts 1-9),Suppressed (counts 1-9),,Suppressed (counts 1-9),,,,Suppressed (counts 1-9),,
09/28/2022,Wyoming,2021,3,2021-01-23,111,103,,11,,,,10,0,0,0,19,,23,22,,,Suppressed (counts 1-9),,Suppressed (counts 1-9),Suppressed (counts 1-9),Suppressed (counts 1-9),,,,,,Suppressed (counts 1-9),,
09/28/2022,Wyoming,2021,4,2021-01-30,118,108,,19,,,,,,,0,20,,16,12,,,Suppressed (counts 1-9),,Suppressed (counts 1-9),Suppressed (counts 1-9),Suppressed (counts 1-9),Suppressed (counts 1-9),Suppressed (counts 1-9),Suppressed (counts 1-9),,,Suppressed (counts 1-9),,
09/28/2022,Wyoming,2021,5,2021-02-06,112,104,,26,,,,,,,0,15,,17,13,,,Suppressed (counts 1-9),,Suppressed (counts 1-9),Suppressed (counts 1-9),Suppressed (counts 1-9),Suppressed (counts 1-9),Suppressed (counts 1-9),Suppressed (counts 1-9),,,Suppressed (counts 1-9),,
09/28/2022,Wyoming,2021,6,2021-02-13,102,94,,17,,,,,,0,0,15,,15,14,,,Suppressed (counts 1-9),,Suppressed (counts 1-9),Suppressed (counts 1-9),Suppressed (counts 1-9),Suppressed (counts 1-9),Suppressed (counts 1-9),,,,Suppressed (counts 1-9),,
09/28/2022,Wyoming,2021,7,2021-02-20,110,96,,17,,,,,,,0,19,,,,,,Suppressed (counts 1-9),,Suppressed (counts 1-9),Suppressed (counts 1-9),Suppressed (counts 1-9),Suppressed (counts 1-9),Suppressed (counts 1-9),Suppressed (counts 1-9),,,Suppressed (counts 1-9),Suppressed (counts 1-9),Suppressed (counts 1-9)
09/28/2022,Wyoming,2021,8,2021-02-27,102,87,0,21,,,,,,,0,22,,,,,,,,Suppressed (counts 1-9),Suppressed (counts 1-9),Suppressed (counts 1-9),Suppressed (counts 1-9),Suppressed (counts 1-9),Suppressed (counts 1-9),,,Suppressed (counts 1-9),Suppressed (counts 1-9),Suppressed (counts 1-9)
09/28/2022,Wyoming,2021,9,2021-03-06,86,77,,16,,,0,,,0,,19,,,,,,Suppressed (counts 1-9),,Suppressed (counts 1-9),Suppressed (counts 1-9),,Suppressed (counts 1-9),Suppressed (counts 1-9),,Suppressed (counts 1-9),,Suppressed (counts 1-9),Suppressed (counts 1-9),Suppressed (counts 1-9)
09/28/2022,Wyoming,2021,10,2021-03-13,104,94,0,19,,,,,,,,31,,,,,,,,Suppressed (counts 1-9),Suppressed (counts 1-9),Suppressed (counts 1-9),Suppressed (counts 1-9),Suppressed (counts 1-9),Suppressed (counts 1-9),Suppressed (counts 1-9),,Suppressed (counts 1-9),Suppressed (counts 1-9),Suppressed (counts 1-9)
09/28/2022,Wyoming,2021,11,2021-03-20,84,76,0,18,,,,,,,0,15,,,,,,,,Suppressed (counts 1-9),Suppressed (counts 1-9),Suppressed (counts 1-9),Suppressed (counts 1-9),Suppressed (counts 1-9),Suppressed (counts 1-9),,,Suppressed (counts 1-9),Suppressed (counts 1-9),Suppressed (counts 1-9)
09/28/2022,Wyoming,2021,12,2021-03-27,109,99,0,29,,,,,,,,19,,,,,,,,Suppressed (counts 1-9),Suppressed (counts 1-9),Suppressed (counts 1-9),Suppressed (counts 1-9),Suppressed (counts 1-9),Suppressed (counts 1-9),Suppressed (counts 1-9),,Suppressed (counts 1-9),Suppressed (counts 1-9),Suppressed (counts 1-9)
09/28/2022,Wyoming,2021,13,2021-04-03,86,76,,21,,,,,,0,0,17,,,,,,Suppressed (counts 1-9),,Suppressed (counts 1-9),Suppressed (counts 1-9),Suppressed (counts 1-9),Suppressed (counts 1-9),Suppressed (counts 1-9),,,,Suppressed (counts 1-9),Suppressed (counts 1-9),Suppressed (counts 1-9)
09/28/2022,Wyoming,2021,14,2021-04-10,91,79,,29,,,,,0,0,,18,,0,0,,,Suppressed (counts 1-9),,Suppressed (counts 1-9),Suppressed (counts 1-9),Suppressed (counts 1-9),Suppressed (counts 1-9),,,Suppressed (counts 1-9),,Suppressed (counts 1-9),,
09/28/2022,Wyoming,2021,15,2021-04-17,76,71,0,23,,,,,,,0,15,,,,,,,,Suppressed (counts 1-9),Suppressed (counts 1-9),Suppressed (counts 1-9),Suppressed (counts 1-9),Suppressed (counts 1-9),Suppressed (counts 1-9),,,Suppressed (counts 1-9),Suppressed (counts 1-9),Suppressed (counts 1-9)
09/28/2022,Wyoming,2021,16,2021-04-24,98,91,0,24,,,,,0,,0,20,,,,,,,,Suppressed (counts 1-9),Suppressed (counts 1-9),Suppressed (counts 1-9),Suppressed (counts 1-9),,Suppressed (counts 1-9),,,Suppressed (counts 1-9),Suppressed (counts 1-9),Suppressed (counts 1-9)
09/28/2022,Wyoming,2021,17,2021-05-01,89,80,,21,,,,,0,,0,17,,,0,,,Suppressed (counts 1-9),,Suppressed (counts 1-9),Suppressed (counts 1-9),Suppressed (counts 1-9),Suppressed (counts 1-9),,Suppressed (counts 1-9),,,Suppressed (counts 1-9),Suppressed (counts 1-9),
09/28/2022,Wyoming,2021,18,2021-05-08,91,84,0,21,0,,,,,,0,20,,,,,,,,,Suppressed (counts 1-9),Suppressed (counts 1-9),Suppressed (counts 1-9),Suppressed (counts 1-9),Suppressed (counts 1-9),,,Suppressed (counts 1-9),Suppressed (counts 1-9),Suppressed (counts 1-9)
09/28/2022,Wyoming,2021,19,2021-05-15,90,76,0,16,,,,,,,,19,0,,,,,,,Suppressed (counts 1-9),Suppressed (counts 1-9),Suppressed (counts 1-9),Suppressed (counts 1-9),Suppressed (counts 1-9),Suppressed (counts 1-9),Suppressed (counts 1-9),,,Suppressed (counts 1-9),Suppressed (counts 1-9)
09/28/2022,Wyoming,2021,20,2021-05-22,95,82,0,22,,,,,,,0,20,,,,,,,,Suppressed (counts 1-9),Suppressed (counts 1-9),Suppressed (counts 1-9),Suppressed (counts 1-9),Suppressed (counts 1-9),Suppressed (counts 1-9),,,Suppressed (counts 1-9),Suppressed (counts 1-9),Suppressed (counts 1-9)
09/28/2022,Wyoming,2021,21,2021-05-29,98,90,0,31,,,,,,,,22,,,,,,,,Suppressed (counts 1-9),Suppressed (counts 1-9),Suppressed (counts 1-9),Suppressed (counts 1-9),Suppressed (counts 1-9),Suppressed (counts 1-9),Suppressed (counts 1-9),,Suppressed (counts 1-9),Suppressed (counts 1-9),Suppressed (counts 1-9)
09/28/2022,Wyoming,2021,22,2021-06-05,105,97,,25,,,0,,0,0,,24,,,,,,Suppressed (counts 1-9),,Suppressed (counts 1-9),Suppressed (counts 1-9),,Suppressed (counts 1-9),,,Suppressed (counts 1-9),,Suppressed (counts 1-9),Suppressed (counts 1-9),Suppressed (counts 1-9)
09/28/2022,Wyoming,2021,23,2021-06-12,111,101,0,18,,,0,,,,,28,,,,,,,,Suppressed (counts 1-9),Suppressed (counts 1-9),,Suppressed (counts 1-9),Suppressed (counts 1-9),Suppressed (counts 1-9),Suppressed (counts 1-9),,Suppressed (counts 1-9),Suppressed (counts 1-9),Suppressed (counts 1-9)
09/28/2022,Wyoming,2021,24,2021-06-19,108,95,0,23,,,,,,0,0,21,0,,,,,,,Suppressed (counts 1-9),Suppressed (counts 1-9),Suppressed (counts 1-9),Suppressed (counts 1-9),Suppressed (counts 1-9),,,,,Suppressed (counts 1-9),Suppressed (counts 1-9)
09/28/2022,Wyoming,2021,25,2021-06-26,98,84,,19,,,,13,,,,12,,,,,,Suppressed (counts 1-9),,Suppressed (counts 1-9),Suppressed (counts 1-9),Suppressed (counts 1-9),,Suppressed (counts 1-9),Suppressed (counts 1-9),Suppressed (counts 1-9),,Suppressed (counts 1-9),Suppressed (counts 1-9),Suppressed (counts 1-9)
09/28/2022,Wyoming,2021,26,2021-07-03,101,88,,16,,,0,,,0,,18,,,,,,Suppressed (counts 1-9),,Suppressed (counts 1-9),Suppressed (counts 1-9),,Suppressed (counts 1-9),Suppressed (counts 1-9),,Suppressed (counts 1-9),,Suppressed (counts 1-9),Suppressed (counts 1-9),Suppressed (counts 1-9)
09/28/2022,Wyoming,2021,27,2021-07-10,85,76,0,14,0,,,10,,0,,18,,,,,,,,,Suppressed (counts 1-9),Suppressed (counts 1-9),,Suppressed (counts 1-9),,Suppressed (counts 1-9),,Suppressed (counts 1-9),Suppressed (counts 1-9),Suppressed (counts 1-9)
09/28/2022,Wyoming,2021,28,2021-07-17,108,93,0,22,,,,,,,,20,,,,,,,,Suppressed (counts 1-9),Suppressed (counts 1-9),Suppressed (counts 1-9),Suppressed (counts 1-9),Suppressed (counts 1-9),Suppressed (counts 1-9),Suppressed (counts 1-9),,Suppressed (counts 1-9),Suppressed (counts 1-9),Suppressed (counts 1-9)
09/28/2022,Wyoming,2021,29,2021-07-24,99,85,0,22,,0,,,,0,,19,0,16,13,,,,,Suppressed (counts 1-9),,Suppressed (counts 1-9),Suppressed (counts 1-9),Suppressed (counts 1-9),,Suppressed (counts 1-9),,,,
09/28/2022,Wyoming,2021,30,2021-07-31,94,83,,11,0,,,,,0,0,16,,10,10,,,Suppressed (counts 1-9),,,Suppressed (counts 1-9),Suppressed (counts 1-9),Suppressed (counts 1-9),Suppressed (counts 1-9),,,,Suppressed (counts 1-9),,
09/28/2022,Wyoming,2021,31,2021-08-07,124,108,,21,,,,12,,,0,30,,13,12,,,Suppressed (counts 1-9),,Suppressed (counts 1-9),Suppressed (counts 1-9),Suppressed (counts 1-9),,Suppressed (counts 1-9),Suppressed (counts 1-9),,,Suppressed (counts 1-9),,
09/28/2022,Wyoming,2021,32,2021-08-14,137,122,,29,,10,0,,,,0,24,,17,15,,,Suppressed (counts 1-9),,Suppressed (counts 1-9),,,Suppressed (counts 1-9),Suppressed (counts 1-9),Suppressed (counts 1-9),,,Suppressed (counts 1-9),,
09/28/2022,Wyoming,2021,33,2021-08-21,107,89,0,15,,,,,,0,,17,,15,14,,,,,Suppressed (counts 1-9),Suppressed (counts 1-9),Suppressed (counts 1-9),Suppressed (counts 1-9),Suppressed (counts 1-9),,Suppressed (counts 1-9),,Suppressed (counts 1-9),,
09/28/2022,Wyoming,2021,34,2021-08-28,125,112,0,15,,,,,,0,,23,,27,27,,,,,Suppressed (counts 1-9),Suppressed (counts 1-9),Suppressed (counts 1-9),Suppressed (counts 1-9),Suppressed (counts 1-9),,Suppressed (counts 1-9),,Suppressed (counts 1-9),,
09/28/2022,Wyoming,2021,35,2021-09-04,128,109,0,17,,,,,0,,0,22,,33,30,,,,,Suppressed (counts 1-9),Suppressed (counts 1-9),Suppressed (counts 1-9),Suppressed (counts 1-9),,Suppressed (counts 1-9),,,Suppressed (counts 1-9),,
09/28/2022,Wyoming,2021,36,2021-09-11,139,125,0,26,,,,,,,,17,,27,25,,,,,Suppressed (counts 1-9),Suppressed (counts 1-9),Suppressed (counts 1-9),Suppressed (counts 1-9),Suppressed (counts 1-9),Suppressed (counts 1-9),Suppressed (counts 1-9),,Suppressed (counts 1-9),,
09/28/2022,Wyoming,2021,37,2021-09-18,127,120,,22,,,0,,,,0,15,,42,37,,,Suppressed (counts 1-9),,Suppressed (counts 1-9),Suppressed (counts 1-9),,Suppressed (counts 1-9),Suppressed (counts 1-9),Suppressed (counts 1-9),,,Suppressed (counts 1-9),,
09/28/2022,Wyoming,2021,38,2021-09-25,134,124,0,13,,,,,0,,0,22,,45,41,,,,,Suppressed (counts 1-9),Suppressed (counts 1-9),Suppressed (counts 1-9),Suppressed (counts 1-9),,Suppressed (counts 1-9),,,Suppressed (counts 1-9),,
09/28/2022,Wyoming,2021,39,2021-10-02,152,141,0,20,,,,,0,,0,20,,54,47,,,,,Suppressed (counts 1-9),Suppressed (counts 1-9),Suppressed (counts 1-9),Suppressed (counts 1-9),,Suppressed (counts 1-9),,,Suppressed (counts 1-9),,
09/28/2022,Wyoming,2021,40,2021-10-09,160,148,,24,,,,10,,,,20,,49,44,,,Suppressed (counts 1-9),,Suppressed (counts 1-9),Suppressed (counts 1-9),Suppressed (counts 1-9),,Suppressed (counts 1-9),Suppressed (counts 1-9),Suppressed (counts 1-9),,Suppressed (counts 1-9),,
09/28/2022,Wyoming,2021,41,2021-10-16,150,134,,21,,,,,,,,22,,39,34,,,Suppressed (counts 1-9),,Suppressed (counts 1-9),Suppressed (counts 1-9),Suppressed (counts 1-9),Suppressed (counts 1-9),Suppressed (counts 1-9),Suppressed (counts 1-9),Suppressed (counts 1-9),,Suppressed (counts 1-9),,
09/28/2022,Wyoming,2021,42,2021-10-23,157,146,0,19,,,,,,,,25,,43,42,,,,,Suppressed (counts 1-9),Suppressed (counts 1-9),Suppressed (counts 1-9),Suppressed (counts 1-9),Suppressed (counts 1-9),Suppressed (counts 1-9),Suppressed (counts 1-9),,Suppressed (counts 1-9),,
09/28/2022,Wyoming,2021,43,2021-10-30,155,146,,21,,,,,,,,24,,52,46,,,Suppressed (counts 1-9),,Suppressed (counts 1-9),Suppressed (counts 1-9),Suppressed (counts 1-9),Suppressed (counts 1-9),Suppressed (counts 1-9),Suppressed (counts 1-9),Suppressed (counts 1-9),,Suppressed (counts 1-9),,
09/28/2022,Wyoming,2021,44,2021-11-06,155,143,,21,,,,11,,,,20,,48,46,,,Suppressed (counts 1-9),,Suppressed (counts 1-9),Suppressed (counts 1-9),Suppressed (counts 1-9),,Suppressed (counts 1-9),Suppressed (counts 1-9),Suppressed (counts 1-9),,Suppressed (counts 1-9),,
09/28/2022,Wyoming,2021,45,2021-11-13,142,127,0,24,,,,,,,,21,,35,32,,,,,Suppressed (counts 1-9),Suppressed (counts 1-9),Suppressed (counts 1-9),Suppressed (counts 1-9),Suppressed (counts 1-9),Suppressed (counts 1-9),Suppressed (counts 1-9),,Suppressed (counts 1-9),,
09/28/2022,Wyoming,2021,46,2021-11-20,139,124,,15,,,,,,,,25,,41,36,,,Suppressed (counts 1-9),,Suppressed (counts 1-9),Suppressed (counts 1-9),Suppressed (counts 1-9),Suppressed (counts 1-9),Suppressed (counts 1-9),Suppressed (counts 1-9),Suppressed (counts 1-9),,Suppressed (counts 1-9),,
09/28/2022,Wyoming,2021,47,2021-11-27,134,120,0,20,,,0,,,0,0,30,,30,29,,,,,Suppressed (counts 1-9),Suppressed (counts 1-9),,Suppressed (counts 1-9),Suppressed (counts 1-9),,,,Suppressed (counts 1-9),,
09/28/2022,Wyoming,2021,48,2021-12-04,106,98,,18,,,,,,,0,14,,21,18,,,Suppressed (counts 1-9),,Suppressed (counts 1-9),Suppressed (counts 1-9),Suppressed (counts 1-9),Suppressed (counts 1-9),Suppressed (counts 1-9),Suppressed (counts 1-9),,,Suppressed (counts 1-9),,
09/28/2022,Wyoming,2021,49,2021-12-11,125,119,,13,,,,,,,0,25,,24,23,,,Suppressed (counts 1-9),,Suppressed (counts 1-9),Suppressed (counts 1-9),Suppressed (counts 1-9),Suppressed (counts 1-9),Suppressed (counts 1-9),Suppressed (counts 1-9),,,Suppressed (counts 1-9),,
09/28/2022,Wyoming,2021,50,2021-12-18,98,86,,17,,,,,,,0,16,,18,17,,,Suppressed (counts 1-9),,Suppressed (counts 1-9),Suppressed (counts 1-9),Suppressed (counts 1-9),Suppressed (counts 1-9),Suppressed (counts 1-9),Suppressed (counts 1-9),,,Suppressed (counts 1-9),,
09/28/2022,Wyoming,2021,51,2021-12-25,130,119,,22,,,,,,0,0,29,,20,19,,,Suppressed (counts 1-9),,Suppressed (counts 1-9),Suppressed (counts 1-9),Suppressed (counts 1-9),Suppressed (counts 1-9),Suppressed (counts 1-9),,,,Suppressed (counts 1-9),,
09/28/2022,Wyoming,2021,52,2022-01-01,109,102,0,20,,,0,,,,,19,,13,12,,,,,Suppressed (counts 1-9),Suppressed (counts 1-9),,Suppressed (counts 1-9),Suppressed (counts 1-9),Suppressed (counts 1-9),Suppressed (counts 1-9),,Suppressed (counts 1-9),,
09/28/2022,Wyoming,2022,1,2022-01-08,126,108,,19,,,0,,,0,,23,,17,16,,,Suppressed (counts 1-9),,Suppressed (counts 1-9),Suppressed (counts 1-9),,Suppressed (counts 1-9),Suppressed (counts 1-9),,Suppressed (counts 1-9),,Suppressed (counts 1-9),,
09/28/2022,Wyoming,2022,2,2022-01-15,122,111,,15,,,0,10,,,0,30,,17,12,,,Suppressed (counts 1-9),,Suppressed (counts 1-9),Suppressed (counts 1-9),,,Suppressed (counts 1-9),Suppressed (counts 1-9),,,Suppressed (counts 1-9),,
09/28/2022,Wyoming,2022,3,2022-01-22,125,115,,24,,,,,,,,26,,13,,,,Suppressed (counts 1-9),,Suppressed (counts 1-9),Suppressed (counts 1-9),Suppressed (counts 1-9),Suppressed (counts 1-9),Suppressed (counts 1-9),Suppressed (counts 1-9),Suppressed (counts 1-9),,Suppressed (counts 1-9),,Suppressed (counts 1-9)
09/28/2022,Wyoming,2022,4,2022-01-29,125,111,,15,,,0,,,,,19,,26,21,,,Suppressed (counts 1-9),,Suppressed (counts 1-9),Suppressed (counts 1-9),,Suppressed (counts 1-9),Suppressed (counts 1-9),Suppressed (counts 1-9),Suppressed (counts 1-9),,Suppressed (counts 1-9),,
09/28/2022,Wyoming,2022,5,2022-02-05,135,126,0,21,,,,14,,,,18,,25,21,,,,,Suppressed (counts 1-9),Suppressed (counts 1-9),Suppressed (counts 1-9),,Suppressed (counts 1-9),Suppressed (counts 1-9),Suppressed (counts 1-9),,Suppressed (counts 1-9),,
09/28/2022,Wyoming,2022,6,2022-02-12,115,106,,18,,,,,,,,15,,26,24,,,Suppressed (counts 1-9),,Suppressed (counts 1-9),Suppressed (counts 1-9),Suppressed (counts 1-9),Suppressed (counts 1-9),Suppressed (counts 1-9),Suppressed (counts 1-9),Suppressed (counts 1-9),,Suppressed (counts 1-9),,
09/28/2022,Wyoming,2022,7,2022-02-19,121,106,,21,,,,,,,,22,,14,13,,,Suppressed (counts 1-9),,Suppressed (counts 1-9),Suppressed (counts 1-9),Suppressed (counts 1-9),Suppressed (counts 1-9),Suppressed (counts 1-9),Suppressed (counts 1-9),Suppressed (counts 1-9),,Suppressed (counts 1-9),,
09/28/2022,Wyoming,2022,8,2022-02-26,133,121,,26,,,0,12,,,0,27,,17,13,,,Suppressed (counts 1-9),,Suppressed (counts 1-9),Suppressed (counts 1-9),,,Suppressed (counts 1-9),Suppressed (counts 1-9),,,Suppressed (counts 1-9),,
09/28/2022,Wyoming,2022,9,2022-03-05,102,95,,16,,,,,,,,17,,13,11,,,Suppressed (counts 1-9),,Suppressed (counts 1-9),Suppressed (counts 1-9),Suppressed (counts 1-9),Suppressed (counts 1-9),Suppressed (counts 1-9),Suppressed (counts 1-9),Suppressed (counts 1-9),,Suppressed (counts 1-9),,
09/28/2022,Wyoming,2022,10,2022-03-12,103,92,,19,,,,,0,,0,25,,,,,,Suppressed (counts 1-9),,Suppressed (counts 1-9),Suppressed (counts 1-9),Suppressed (counts 1-9),Suppressed (counts 1-9),,Suppressed (counts 1-9),,,Suppressed (counts 1-9),Suppressed (counts 1-9),Suppressed (counts 1-9)
09/28/2022,Wyoming,2022,11,2022-03-19,100,91,0,26,,,0,13,,,0,12,,,,,,,,Suppressed (counts 1-9),Suppressed (counts 1-9),,,Suppressed (counts 1-9),Suppressed (counts 1-9),,,Suppressed (counts 1-9),Suppressed (counts 1-9),Suppressed (counts 1-9)
09/28/2022,Wyoming,2022,12,2022-03-26,83,76,,12,,,,,,0,0,16,,,,,,Suppressed (counts 1-9),,Suppressed (counts 1-9),Suppressed (counts 1-9),Suppressed (counts 1-9),Suppressed (counts 1-9),Suppressed (counts 1-9),,,,Suppressed (counts 1-9),Suppressed (counts 1-9),Suppressed (counts 1-9)
09/28/2022,Wyoming,2022,13,2022-04-02,98,83,,20,,,,,0,,0,17,,,,,,Suppressed (counts 1-9),,Suppressed (counts 1-9),Suppressed (counts 1-9),Suppressed (counts 1-9),Suppressed (counts 1-9),,Suppressed (counts 1-9),,,Suppressed (counts 1-9),Suppressed (counts 1-9),Suppressed (counts 1-9)
09/28/2022,Wyoming,2022,14,2022-04-09,105,98,,15,,,,,,,0,31,,,,,,Suppressed (counts 1-9),,Suppressed (counts 1-9),Suppressed (counts 1-9),Suppressed (counts 1-9),Suppressed (counts 1-9),Suppressed (counts 1-9),Suppressed (counts 1-9),,,Suppressed (counts 1-9),Suppressed (counts 1-9),Suppressed (counts 1-9)
09/28/2022,Wyoming,2022,15,2022-04-16,102,92,,29,,,,,,,0,17,,0,0,,,Suppressed (counts 1-9),,Suppressed (counts 1-9),Suppressed (counts 1-9),Suppressed (counts 1-9),Suppressed (counts 1-9),Suppressed (counts 1-9),Suppressed (counts 1-9),,,Suppressed (counts 1-9),,
09/28/2022,Wyoming,2022,16,2022-04-23,97,85,0,21,,,,,,,,27,,,,,,,,Suppressed (counts 1-9),Suppressed (counts 1-9),Suppressed (counts 1-9),Suppressed (counts 1-9),Suppressed (counts 1-9),Suppressed (counts 1-9),Suppressed (counts 1-9),,Suppressed (counts 1-9),Suppressed (counts 1-9),Suppressed (counts 1-9)
09/28/2022,Wyoming,2022,17,2022-04-30,110,96,,21,,,,,,,0,33,,,0,,,Suppressed (counts 1-9),,Suppressed (counts 1-9),Suppressed (counts 1-9),Suppressed (counts 1-9),Suppressed (counts 1-9),Suppressed (counts 1-9),Suppressed (counts 1-9),,,Suppressed (counts 1-9),Suppressed (counts 1-9),
09/28/2022,Wyoming,2022,18,2022-05-07,97,87,,24,,,,,,,0,21,,,,,,Suppressed (counts 1-9),,Suppressed (counts 1-9),Suppressed (counts 1-9),Suppressed (counts 1-9),Suppressed (counts 1-9),Suppressed (counts 1-9),Suppressed (counts 1-9),,,Suppressed (counts 1-9),Suppressed (counts 1-9),Suppressed (counts 1-9)
09/28/2022,Wyoming,2022,19,2022-05-14,96,84,0,22,,,,,0,0,,22,,,,,,,,Suppressed (counts 1-9),Suppressed (counts 1-9),Suppressed (counts 1-9),Suppressed (counts 1-9),,,Suppressed (counts 1-9),,Suppressed (counts 1-9),Suppressed (counts 1-9),Suppressed (counts 1-9)
09/28/2022,Wyoming,2022,20,2022-05-21,92,83,0,18,,,0,,,,,25,,,0,,,,,Suppressed (counts 1-9),Suppressed (counts 1-9),,Suppressed (counts 1-9),Suppressed (counts 1-9),Suppressed (counts 1-9),Suppressed (counts 1-9),,Suppressed (counts 1-9),Suppressed (counts 1-9),
09/28/2022,Wyoming,2022,21,2022-05-28,112,98,,18,,,0,,,,,25,,,,,,Suppressed (counts 1-9),,Suppressed (counts 1-9),Suppressed (counts 1-9),,Suppressed (counts 1-9),Suppressed (counts 1-9),Suppressed (counts 1-9),Suppressed (counts 1-9),,Suppressed (counts 1-9),Suppressed (counts 1-9),Suppressed (counts 1-9)
09/28/2022,Wyoming,2022,22,2022-06-04,90,84,,19,,,,,,0,0,22,,,0,,,Suppressed (counts 1-9),,Suppressed (counts 1-9),Suppressed (counts 1-9),Suppressed (counts 1-9),Suppressed (counts 1-9),Suppressed (counts 1-9),,,,Suppressed (counts 1-9),Suppressed (counts 1-9),
09/28/2022,Wyoming,2022,23,2022-06-11,103,93,,19,,,,,,0,,25,,,,,,Suppressed (counts 1-9),,Suppressed (counts 1-9),Suppressed (counts 1-9),Suppressed (counts 1-9),Suppressed (counts 1-9),Suppressed (counts 1-9),,Suppressed (counts 1-9),,Suppressed (counts 1-9),Suppressed (counts 1-9),Suppressed (counts 1-9)
09/28/2022,Wyoming,2022,24,2022-06-18,104,85,0,13,,,,,0,0,,22,,,,,,,,Suppressed (counts 1-9),Suppressed (counts 1-9),Suppressed (counts 1-9),Suppressed (counts 1-9),,,Suppressed (counts 1-9),,Suppressed (counts 1-9),Suppressed (counts 1-9),Suppressed (counts 1-9)
09/28/2022,Wyoming,2022,25,2022-06-25,91,74,,19,,,0,,,,,16,,,,,,Suppressed (counts 1-9),,Suppressed (counts 1-9),Suppressed (counts 1-9),,Suppressed (counts 1-9),Suppressed (counts 1-9),Suppressed (counts 1-9),Suppressed (counts 1-9),,Suppressed (counts 1-9),Suppressed (counts 1-9),Suppressed (counts 1-9)
09/28/2022,Wyoming,2022,26,2022-07-02,97,89,,30,,,,,0,0,,18,,,,,,Suppressed (counts 1-9),,Suppressed (counts 1-9),Suppressed (counts 1-9),Suppressed (counts 1-9),Suppressed (counts 1-9),,,Suppressed (counts 1-9),,Suppressed (counts 1-9),Suppressed (counts 1-9),Suppressed (counts 1-9)
09/28/2022,Wyoming,2022,27,2022-07-09,89,82,0,18,,,,,,,0,17,,,,,,,,Suppressed (counts 1-9),Suppressed (counts 1-9),Suppressed (counts 1-9),Suppressed (counts 1-9),Suppressed (counts 1-9),Suppressed (counts 1-9),,,Suppressed (counts 1-9),Suppressed (counts 1-9),Suppressed (counts 1-9)
09/28/2022,Wyoming,2022,28,2022-07-16,97,90,,17,,,,,0,,,21,,,,,,Suppressed (counts 1-9),,Suppressed (counts 1-9),Suppressed (counts 1-9),Suppressed (counts 1-9),Suppressed (counts 1-9),,Suppressed (counts 1-9),Suppressed (counts 1-9),,Suppressed (counts 1-9),Suppressed (counts 1-9),Suppressed (counts 1-9)
09/28/2022,Wyoming,2022,29,2022-07-23,120,106,,22,,,,,,,,21,,,,,,Suppressed (counts 1-9),,Suppressed (counts 1-9),Suppressed (counts 1-9),Suppressed (counts 1-9),Suppressed (counts 1-9),Suppressed (counts 1-9),Suppressed (counts 1-9),Suppressed (counts 1-9),,Suppressed (counts 1-9),Suppressed (counts 1-9),Suppressed (counts 1-9)
09/28/2022,Wyoming,2022,30,2022-07-30,109,102,0,22,,,,,0,,,32,,,,,,,,Suppressed (counts 1-9),Suppressed (counts 1-9),Suppressed (counts 1-9),Suppressed (counts 1-9),,Suppressed (counts 1-9),Suppressed (counts 1-9),,Suppressed (counts 1-9),Suppressed (counts 1-9),Suppressed (counts 1-9)
09/28/2022,Wyoming,2022,31,2022-08-06,91,85,,21,,,0,,,0,,17,,,,,,Suppressed (counts 1-9),,Suppressed (counts 1-9),Suppressed (counts 1-9),,Suppressed (counts 1-9),Suppressed (counts 1-9),,Suppressed (counts 1-9),,Suppressed (counts 1-9),Suppressed (counts 1-9),Suppressed (counts 1-9)
09/28/2022,Wyoming,2022,32,2022-08-13,113,97,,23,,,,10,,,,16,,,,,,Suppressed (counts 1-9),,Suppressed (counts 1-9),Suppressed (counts 1-9),Suppressed (counts 1-9),,Suppressed (counts 1-9),Suppressed (counts 1-9),Suppressed (counts 1-9),,Suppressed (counts 1-9),Suppressed (counts 1-9),Suppressed (counts 1-9)
09/28/2022,Wyoming,2022,33,2022-08-20,103,89,,15,,,0,,,,,21,,,,,,Suppressed (counts 1-9),,Suppressed (counts 1-9),Suppressed (counts 1-9),,Suppressed (counts 1-9),Suppressed (counts 1-9),Suppressed (counts 1-9),Suppressed (counts 1-9),,Suppressed (counts 1-9),Suppressed (counts 1-9),Suppressed (counts 1-9)
09/28/2022,Wyoming,2022,34,2022-08-27,99,94,,11,0,,0,,,,,22,,,,,,Suppressed (counts 1-9),,,Suppressed (counts 1-9),,Suppressed (counts 1-9),Suppressed (counts 1-9),Suppressed (counts 1-9),Suppressed (counts 1-9),,Suppressed (counts 1-9),Suppressed (counts 1-9),Suppressed (counts 1-9)
09/28/2022,Wyoming,2022,35,2022-09-03,72,67,0,10,,,,,0,,,18,,,,,,,,Suppressed (counts 1-9),Suppressed (counts 1-9),Suppressed (counts 1-9),Suppressed (counts 1-9),,Suppressed (counts 1-9),Suppressed (counts 1-9),,Suppressed (counts 1-9),Suppressed (counts 1-9),Suppressed (counts 1-9)
09/28/2022,Wyoming,2022,36,2022-09-10,78,76,0,18,,0,0,,,,,19,0,,,,,,,Suppressed (counts 1-9),,,Suppressed (counts 1-9),Suppressed (counts 1-9),Suppressed (counts 1-9),Suppressed (counts 1-9),,,Suppressed (counts 1-9),Suppressed (counts 1-9)
09/28/2022,Wyoming,2022,37,2022-09-17,74,74,,13,,,,,,,,11,,,,,,Suppressed (counts 1-9),,Suppressed (counts 1-9),Suppressed (counts 1-9),Suppressed (counts 1-9),Suppressed (counts 1-9),Suppressed (counts 1-9),Suppressed (counts 1-9),Suppressed (counts 1-9),,Suppressed (counts 1-9),Suppressed (counts 1-9),Suppressed (counts 1-9)
